,QnA,topic,customer_question,agent_reply,choice,completion,prompt_original,prompt
0,"How are auto insurance premiums calculated?
Auto insurance premiums are calculated based on a variety of factors, including the make and model of your car, your driving record, and the amount of coverage you choose.",auto insurance premium,How are auto insurance premiums calculated?,"Auto insurance premiums are calculated based on a variety of factors, including the make and model of your car, your driving record, and the amount of coverage you choose.",1, 1 END,How are auto insurance premiums calculated?,"
Classify customer's question. Classify between category 1 to 6.

Detailed guidelines for how to choose:
    choose 1 if the question is about auto insurance premium.
    choose 2 if the question is about home flood insurance.
    choose 3 if the question is irrelevant of insurance.
    choose 4 if the question is chit chat.
    choose 5 if the question is about ending conversation.
    choose 6 if the question is just a continuation of previous question.
    
Customer question: Hi there, do you know how to choose flood insurance?
Classified topic:2

Customer question: Hi there, I have a question on my auto insurance.
Classified topic:1

Customer question: Hi there, do you know how to apply for financial aid?
Classified topic:3

Customer question: How is your day?
Classified topic:4

Customer question: Thanks, I got all I need.
Classified topic:5

Customer question: Can you tell me more about it?
Classified topic:6


Customer question: How are auto insurance premiums calculated?
Classified topic: "
1,"How can I save money on my auto insurance premiums?
There are a number of ways to save money on your auto insurance premiums, including raising your deductible, choosing a higher coverage limit, and bundling your auto insurance with other policies.",auto insurance premium,How can I save money on my auto insurance premiums?,"There are a number of ways to save money on your auto insurance premiums, including raising your deductible, choosing a higher coverage limit, and bundling your auto insurance with other policies.",1, 1 END,How can I save money on my auto insurance premiums?,"
Classify customer's question. Classify between category 1 to 6.

Detailed guidelines for how to choose:
    choose 1 if the question is about auto insurance premium.
    choose 2 if the question is about home flood insurance.
    choose 3 if the question is irrelevant of insurance.
    choose 4 if the question is chit chat.
    choose 5 if the question is about ending conversation.
    choose 6 if the question is just a continuation of previous question.
    
Customer question: Hi there, do you know how to choose flood insurance?
Classified topic:2

Customer question: Hi there, I have a question on my auto insurance.
Classified topic:1

Customer question: Hi there, do you know how to apply for financial aid?
Classified topic:3

Customer question: How is your day?
Classified topic:4

Customer question: Thanks, I got all I need.
Classified topic:5

Customer question: Can you tell me more about it?
Classified topic:6


Customer question: How can I save money on my auto insurance premiums?
Classified topic: "
2,"How do I know if I need to purchase auto insurance?
If you drive a car in the United States, you are required by law to have auto insurance.",auto insurance premium,How do I know if I need to purchase auto insurance?,"If you drive a car in the United States, you are required by law to have auto insurance.",1, 1 END,How do I know if I need to purchase auto insurance?,"
Classify customer's question. Classify between category 1 to 6.

Detailed guidelines for how to choose:
    choose 1 if the question is about auto insurance premium.
    choose 2 if the question is about home flood insurance.
    choose 3 if the question is irrelevant of insurance.
    choose 4 if the question is chit chat.
    choose 5 if the question is about ending conversation.
    choose 6 if the question is just a continuation of previous question.
    
Customer question: Hi there, do you know how to choose flood insurance?
Classified topic:2

Customer question: Hi there, I have a question on my auto insurance.
Classified topic:1

Customer question: Hi there, do you know how to apply for financial aid?
Classified topic:3

Customer question: How is your day?
Classified topic:4

Customer question: Thanks, I got all I need.
Classified topic:5

Customer question: Can you tell me more about it?
Classified topic:6


Customer question: How do I know if I need to purchase auto insurance?
Classified topic: "
3,"What factors affect my auto insurance premiums?
The make and model of your car, your driving record, and the amount of coverage you choose all affect your auto insurance premiums.",auto insurance premium,What factors affect my auto insurance premiums?,"The make and model of your car, your driving record, and the amount of coverage you choose all affect your auto insurance premiums.",1, 1 END,What factors affect my auto insurance premiums?,"
Classify customer's question. Classify between category 1 to 6.

Detailed guidelines for how to choose:
    choose 1 if the question is about auto insurance premium.
    choose 2 if the question is about home flood insurance.
    choose 3 if the question is irrelevant of insurance.
    choose 4 if the question is chit chat.
    choose 5 if the question is about ending conversation.
    choose 6 if the question is just a continuation of previous question.
    
Customer question: Hi there, do you know how to choose flood insurance?
Classified topic:2

Customer question: Hi there, I have a question on my auto insurance.
Classified topic:1

Customer question: Hi there, do you know how to apply for financial aid?
Classified topic:3

Customer question: How is your day?
Classified topic:4

Customer question: Thanks, I got all I need.
Classified topic:5

Customer question: Can you tell me more about it?
Classified topic:6


Customer question: What factors affect my auto insurance premiums?
Classified topic: "
4,"What is the minimum amount of auto insurance coverage I am required to have?
The minimum amount of auto insurance coverage you are required to have varies by state, but is typically between $25,000 and $50,000 per person and $50,000 and $100,000 per accident.",auto insurance premium,What is the minimum amount of auto insurance coverage I am required to have?,"The minimum amount of auto insurance coverage you are required to have varies by state, but is typically between $25,000 and $50,000 per person and $50,000 and $100,000 per accident.",1, 1 END,What is the minimum amount of auto insurance coverage I am required to have?,"
Classify customer's question. Classify between category 1 to 6.

Detailed guidelines for how to choose:
    choose 1 if the question is about auto insurance premium.
    choose 2 if the question is about home flood insurance.
    choose 3 if the question is irrelevant of insurance.
    choose 4 if the question is chit chat.
    choose 5 if the question is about ending conversation.
    choose 6 if the question is just a continuation of previous question.
    
Customer question: Hi there, do you know how to choose flood insurance?
Classified topic:2

Customer question: Hi there, I have a question on my auto insurance.
Classified topic:1

Customer question: Hi there, do you know how to apply for financial aid?
Classified topic:3

Customer question: How is your day?
Classified topic:4

Customer question: Thanks, I got all I need.
Classified topic:5

Customer question: Can you tell me more about it?
Classified topic:6


Customer question: What is the minimum amount of auto insurance coverage I am required to have?
Classified topic: "
5,"What is the difference between liability coverage and comprehensive coverage?
Liability coverage pays for damages that you are liable for in an accident, while comprehensive coverage pays for damages to your car that are not caused by an accident, such as weather-related damages or theft.",auto insurance premium,What is the difference between liability coverage and comprehensive coverage?,"Liability coverage pays for damages that you are liable for in an accident, while comprehensive coverage pays for damages to your car that are not caused by an accident, such as weather-related damages or theft.",1, 1 END,What is the difference between liability coverage and comprehensive coverage?,"
Classify customer's question. Classify between category 1 to 6.

Detailed guidelines for how to choose:
    choose 1 if the question is about auto insurance premium.
    choose 2 if the question is about home flood insurance.
    choose 3 if the question is irrelevant of insurance.
    choose 4 if the question is chit chat.
    choose 5 if the question is about ending conversation.
    choose 6 if the question is just a continuation of previous question.
    
Customer question: Hi there, do you know how to choose flood insurance?
Classified topic:2

Customer question: Hi there, I have a question on my auto insurance.
Classified topic:1

Customer question: Hi there, do you know how to apply for financial aid?
Classified topic:3

Customer question: How is your day?
Classified topic:4

Customer question: Thanks, I got all I need.
Classified topic:5

Customer question: Can you tell me more about it?
Classified topic:6


Customer question: What is the difference between liability coverage and comprehensive coverage?
Classified topic: "
6,"What is the deductible on my auto insurance policy?
The deductible is the amount of money you are responsible for paying out of pocket before your insurance policy kicks in.",auto insurance premium,What is the deductible on my auto insurance policy?,The deductible is the amount of money you are responsible for paying out of pocket before your insurance policy kicks in.,1, 1 END,What is the deductible on my auto insurance policy?,"
Classify customer's question. Classify between category 1 to 6.

Detailed guidelines for how to choose:
    choose 1 if the question is about auto insurance premium.
    choose 2 if the question is about home flood insurance.
    choose 3 if the question is irrelevant of insurance.
    choose 4 if the question is chit chat.
    choose 5 if the question is about ending conversation.
    choose 6 if the question is just a continuation of previous question.
    
Customer question: Hi there, do you know how to choose flood insurance?
Classified topic:2

Customer question: Hi there, I have a question on my auto insurance.
Classified topic:1

Customer question: Hi there, do you know how to apply for financial aid?
Classified topic:3

Customer question: How is your day?
Classified topic:4

Customer question: Thanks, I got all I need.
Classified topic:5

Customer question: Can you tell me more about it?
Classified topic:6


Customer question: What is the deductible on my auto insurance policy?
Classified topic: "
7,"What happens if I am involved in an accident and do not have enough auto insurance coverage?
If you are involved in an accident and do not have enough auto insurance coverage, you will be personally responsible for paying for any damages that exceed your policy limit.",auto insurance premium,What happens if I am involved in an accident and do not have enough auto insurance coverage?,"If you are involved in an accident and do not have enough auto insurance coverage, you will be personally responsible for paying for any damages that exceed your policy limit.",1, 1 END,What happens if I am involved in an accident and do not have enough auto insurance coverage?,"
Classify customer's question. Classify between category 1 to 6.

Detailed guidelines for how to choose:
    choose 1 if the question is about auto insurance premium.
    choose 2 if the question is about home flood insurance.
    choose 3 if the question is irrelevant of insurance.
    choose 4 if the question is chit chat.
    choose 5 if the question is about ending conversation.
    choose 6 if the question is just a continuation of previous question.
    
Customer question: Hi there, do you know how to choose flood insurance?
Classified topic:2

Customer question: Hi there, I have a question on my auto insurance.
Classified topic:1

Customer question: Hi there, do you know how to apply for financial aid?
Classified topic:3

Customer question: How is your day?
Classified topic:4

Customer question: Thanks, I got all I need.
Classified topic:5

Customer question: Can you tell me more about it?
Classified topic:6


Customer question: What happens if I am involved in an accident and do not have enough auto insurance coverage?
Classified topic: "
8,"Can I choose my own auto insurance company?
You can choose your own auto insurance company, but be sure to compare rates between different providers to find the best deal.",auto insurance premium,Can I choose my own auto insurance company?,"You can choose your own auto insurance company, but be sure to compare rates between different providers to find the best deal.",1, 1 END,Can I choose my own auto insurance company?,"
Classify customer's question. Classify between category 1 to 6.

Detailed guidelines for how to choose:
    choose 1 if the question is about auto insurance premium.
    choose 2 if the question is about home flood insurance.
    choose 3 if the question is irrelevant of insurance.
    choose 4 if the question is chit chat.
    choose 5 if the question is about ending conversation.
    choose 6 if the question is just a continuation of previous question.
    
Customer question: Hi there, do you know how to choose flood insurance?
Classified topic:2

Customer question: Hi there, I have a question on my auto insurance.
Classified topic:1

Customer question: Hi there, do you know how to apply for financial aid?
Classified topic:3

Customer question: How is your day?
Classified topic:4

Customer question: Thanks, I got all I need.
Classified topic:5

Customer question: Can you tell me more about it?
Classified topic:6


Customer question: Can I choose my own auto insurance company?
Classified topic: "
9,"What is the best way to save money on auto insurance premiums?
The best way to save money on auto insurance premiums is to choose a higher coverage limit, raise your deductible, and bundle your auto insurance with other policies.",auto insurance premium,What is the best way to save money on auto insurance premiums?,"The best way to save money on auto insurance premiums is to choose a higher coverage limit, raise your deductible, and bundle your auto insurance with other policies.",1, 1 END,What is the best way to save money on auto insurance premiums?,"
Classify customer's question. Classify between category 1 to 6.

Detailed guidelines for how to choose:
    choose 1 if the question is about auto insurance premium.
    choose 2 if the question is about home flood insurance.
    choose 3 if the question is irrelevant of insurance.
    choose 4 if the question is chit chat.
    choose 5 if the question is about ending conversation.
    choose 6 if the question is just a continuation of previous question.
    
Customer question: Hi there, do you know how to choose flood insurance?
Classified topic:2

Customer question: Hi there, I have a question on my auto insurance.
Classified topic:1

Customer question: Hi there, do you know how to apply for financial aid?
Classified topic:3

Customer question: How is your day?
Classified topic:4

Customer question: Thanks, I got all I need.
Classified topic:5

Customer question: Can you tell me more about it?
Classified topic:6


Customer question: What is the best way to save money on auto insurance premiums?
Classified topic: "
10,"What is flood insurance?

Flood insurance is insurance that helps protect your home and belongings from damage caused by flooding. It can help pay to repair or replace your home and belongings if they are damaged or destroyed by a flood.",home flood insurance,What is flood insurance?,Flood insurance is insurance that helps protect your home and belongings from damage caused by flooding. It can help pay to repair or replace your home and belongings if they are damaged or destroyed by a flood.,2, 2 END,What is flood insurance?,"
Classify customer's question. Classify between category 1 to 6.

Detailed guidelines for how to choose:
    choose 1 if the question is about auto insurance premium.
    choose 2 if the question is about home flood insurance.
    choose 3 if the question is irrelevant of insurance.
    choose 4 if the question is chit chat.
    choose 5 if the question is about ending conversation.
    choose 6 if the question is just a continuation of previous question.
    
Customer question: Hi there, do you know how to choose flood insurance?
Classified topic:2

Customer question: Hi there, I have a question on my auto insurance.
Classified topic:1

Customer question: Hi there, do you know how to apply for financial aid?
Classified topic:3

Customer question: How is your day?
Classified topic:4

Customer question: Thanks, I got all I need.
Classified topic:5

Customer question: Can you tell me more about it?
Classified topic:6


Customer question: What is flood insurance?
Classified topic: "
11,"Why do I need flood insurance?

Floods are one of the most common natural disasters in the United States. Even if you live in an area that is not prone to flooding, you may still be at risk. Flooding can occur anywhere, anytime, and often without warning. That's why it's important to have flood insurance, even if your mortgage lender doesn't require it.",home flood insurance,Why do I need flood insurance?,"Floods are one of the most common natural disasters in the United States. Even if you live in an area that is not prone to flooding, you may still be at risk. Flooding can occur anywhere, anytime, and often without warning. That's why it's important to have flood insurance, even if your mortgage lender doesn't require it.",2, 2 END,Why do I need flood insurance?,"
Classify customer's question. Classify between category 1 to 6.

Detailed guidelines for how to choose:
    choose 1 if the question is about auto insurance premium.
    choose 2 if the question is about home flood insurance.
    choose 3 if the question is irrelevant of insurance.
    choose 4 if the question is chit chat.
    choose 5 if the question is about ending conversation.
    choose 6 if the question is just a continuation of previous question.
    
Customer question: Hi there, do you know how to choose flood insurance?
Classified topic:2

Customer question: Hi there, I have a question on my auto insurance.
Classified topic:1

Customer question: Hi there, do you know how to apply for financial aid?
Classified topic:3

Customer question: How is your day?
Classified topic:4

Customer question: Thanks, I got all I need.
Classified topic:5

Customer question: Can you tell me more about it?
Classified topic:6


Customer question: Why do I need flood insurance?
Classified topic: "
12,"How much does flood insurance cost?

The cost of flood insurance depends on a number of factors, including the value of your home and belongings, the amount of coverage you need, and the flood zone where your home is located.",home flood insurance,How much does flood insurance cost?,"The cost of flood insurance depends on a number of factors, including the value of your home and belongings, the amount of coverage you need, and the flood zone where your home is located.",2, 2 END,How much does flood insurance cost?,"
Classify customer's question. Classify between category 1 to 6.

Detailed guidelines for how to choose:
    choose 1 if the question is about auto insurance premium.
    choose 2 if the question is about home flood insurance.
    choose 3 if the question is irrelevant of insurance.
    choose 4 if the question is chit chat.
    choose 5 if the question is about ending conversation.
    choose 6 if the question is just a continuation of previous question.
    
Customer question: Hi there, do you know how to choose flood insurance?
Classified topic:2

Customer question: Hi there, I have a question on my auto insurance.
Classified topic:1

Customer question: Hi there, do you know how to apply for financial aid?
Classified topic:3

Customer question: How is your day?
Classified topic:4

Customer question: Thanks, I got all I need.
Classified topic:5

Customer question: Can you tell me more about it?
Classified topic:6


Customer question: How much does flood insurance cost?
Classified topic: "
13,"What does flood insurance cover?

Flood insurance can help cover the cost to repair or replace your home and belongings if they are damaged or destroyed by a flood. It can also help pay for temporary living expenses if your home is uninhabitable due to flood damage.",home flood insurance,What does flood insurance cover?,Flood insurance can help cover the cost to repair or replace your home and belongings if they are damaged or destroyed by a flood. It can also help pay for temporary living expenses if your home is uninhabitable due to flood damage.,2, 2 END,What does flood insurance cover?,"
Classify customer's question. Classify between category 1 to 6.

Detailed guidelines for how to choose:
    choose 1 if the question is about auto insurance premium.
    choose 2 if the question is about home flood insurance.
    choose 3 if the question is irrelevant of insurance.
    choose 4 if the question is chit chat.
    choose 5 if the question is about ending conversation.
    choose 6 if the question is just a continuation of previous question.
    
Customer question: Hi there, do you know how to choose flood insurance?
Classified topic:2

Customer question: Hi there, I have a question on my auto insurance.
Classified topic:1

Customer question: Hi there, do you know how to apply for financial aid?
Classified topic:3

Customer question: How is your day?
Classified topic:4

Customer question: Thanks, I got all I need.
Classified topic:5

Customer question: Can you tell me more about it?
Classified topic:6


Customer question: What does flood insurance cover?
Classified topic: "
14,"What does flood insurance not cover?

Flood insurance does not cover damage caused by water that enters your home through windows or doors. It also does not cover damage to your home's foundation, garage, or other structures not attached to your home.",home flood insurance,What does flood insurance not cover?,"Flood insurance does not cover damage caused by water that enters your home through windows or doors. It also does not cover damage to your home's foundation, garage, or other structures not attached to your home.",2, 2 END,What does flood insurance not cover?,"
Classify customer's question. Classify between category 1 to 6.

Detailed guidelines for how to choose:
    choose 1 if the question is about auto insurance premium.
    choose 2 if the question is about home flood insurance.
    choose 3 if the question is irrelevant of insurance.
    choose 4 if the question is chit chat.
    choose 5 if the question is about ending conversation.
    choose 6 if the question is just a continuation of previous question.
    
Customer question: Hi there, do you know how to choose flood insurance?
Classified topic:2

Customer question: Hi there, I have a question on my auto insurance.
Classified topic:1

Customer question: Hi there, do you know how to apply for financial aid?
Classified topic:3

Customer question: How is your day?
Classified topic:4

Customer question: Thanks, I got all I need.
Classified topic:5

Customer question: Can you tell me more about it?
Classified topic:6


Customer question: What does flood insurance not cover?
Classified topic: "
15,"How do I get flood insurance?

You can purchase flood insurance through most insurance companies. You can also contact the National Flood Insurance Program (NFIP) to purchase flood insurance.",home flood insurance,How do I get flood insurance?,You can purchase flood insurance through most insurance companies. You can also contact the National Flood Insurance Program (NFIP) to purchase flood insurance.,2, 2 END,How do I get flood insurance?,"
Classify customer's question. Classify between category 1 to 6.

Detailed guidelines for how to choose:
    choose 1 if the question is about auto insurance premium.
    choose 2 if the question is about home flood insurance.
    choose 3 if the question is irrelevant of insurance.
    choose 4 if the question is chit chat.
    choose 5 if the question is about ending conversation.
    choose 6 if the question is just a continuation of previous question.
    
Customer question: Hi there, do you know how to choose flood insurance?
Classified topic:2

Customer question: Hi there, I have a question on my auto insurance.
Classified topic:1

Customer question: Hi there, do you know how to apply for financial aid?
Classified topic:3

Customer question: How is your day?
Classified topic:4

Customer question: Thanks, I got all I need.
Classified topic:5

Customer question: Can you tell me more about it?
Classified topic:6


Customer question: How do I get flood insurance?
Classified topic: "
16,"How long does it take for flood insurance to go into effect?

Flood insurance policies have a 30-day waiting period before they go into effect. This means that you will not be covered for any damage that occurs within the first 30 days of your policy.",home flood insurance,How long does it take for flood insurance to go into effect?,Flood insurance policies have a 30-day waiting period before they go into effect. This means that you will not be covered for any damage that occurs within the first 30 days of your policy.,2, 2 END,How long does it take for flood insurance to go into effect?,"
Classify customer's question. Classify between category 1 to 6.

Detailed guidelines for how to choose:
    choose 1 if the question is about auto insurance premium.
    choose 2 if the question is about home flood insurance.
    choose 3 if the question is irrelevant of insurance.
    choose 4 if the question is chit chat.
    choose 5 if the question is about ending conversation.
    choose 6 if the question is just a continuation of previous question.
    
Customer question: Hi there, do you know how to choose flood insurance?
Classified topic:2

Customer question: Hi there, I have a question on my auto insurance.
Classified topic:1

Customer question: Hi there, do you know how to apply for financial aid?
Classified topic:3

Customer question: How is your day?
Classified topic:4

Customer question: Thanks, I got all I need.
Classified topic:5

Customer question: Can you tell me more about it?
Classified topic:6


Customer question: How long does it take for flood insurance to go into effect?
Classified topic: "
17,"Do I need to buy flood insurance if I live in a low-risk area?

Yes. Even if you live in a low-risk area, you may still be at risk for flooding. Flooding can occur anywhere, anytime, and often without warning. That's why it's important to have flood insurance, even if your mortgage lender doesn't require it.",home flood insurance,Do I need to buy flood insurance if I live in a low-risk area?,"Yes. Even if you live in a low-risk area, you may still be at risk for flooding. Flooding can occur anywhere, anytime, and often without warning. That's why it's important to have flood insurance, even if your mortgage lender doesn't require it.",2, 2 END,Do I need to buy flood insurance if I live in a low-risk area?,"
Classify customer's question. Classify between category 1 to 6.

Detailed guidelines for how to choose:
    choose 1 if the question is about auto insurance premium.
    choose 2 if the question is about home flood insurance.
    choose 3 if the question is irrelevant of insurance.
    choose 4 if the question is chit chat.
    choose 5 if the question is about ending conversation.
    choose 6 if the question is just a continuation of previous question.
    
Customer question: Hi there, do you know how to choose flood insurance?
Classified topic:2

Customer question: Hi there, I have a question on my auto insurance.
Classified topic:1

Customer question: Hi there, do you know how to apply for financial aid?
Classified topic:3

Customer question: How is your day?
Classified topic:4

Customer question: Thanks, I got all I need.
Classified topic:5

Customer question: Can you tell me more about it?
Classified topic:6


Customer question: Do I need to buy flood insurance if I live in a low-risk area?
Classified topic: "
18,"I just bought a new home. Do I need to buy flood insurance?

If your home is located in a high-risk flood zone, your mortgage lender will require you to purchase flood insurance. If your home is located in a low-risk flood zone, you may still purchase flood insurance, but it is not required.",home flood insurance,I just bought a new home. Do I need to buy flood insurance?,"If your home is located in a high-risk flood zone, your mortgage lender will require you to purchase flood insurance. If your home is located in a low-risk flood zone, you may still purchase flood insurance, but it is not required.",2, 2 END,I just bought a new home. Do I need to buy flood insurance?,"
Classify customer's question. Classify between category 1 to 6.

Detailed guidelines for how to choose:
    choose 1 if the question is about auto insurance premium.
    choose 2 if the question is about home flood insurance.
    choose 3 if the question is irrelevant of insurance.
    choose 4 if the question is chit chat.
    choose 5 if the question is about ending conversation.
    choose 6 if the question is just a continuation of previous question.
    
Customer question: Hi there, do you know how to choose flood insurance?
Classified topic:2

Customer question: Hi there, I have a question on my auto insurance.
Classified topic:1

Customer question: Hi there, do you know how to apply for financial aid?
Classified topic:3

Customer question: How is your day?
Classified topic:4

Customer question: Thanks, I got all I need.
Classified topic:5

Customer question: Can you tell me more about it?
Classified topic:6


Customer question: I just bought a new home. Do I need to buy flood insurance?
Classified topic: "
19,"I'm renting a home. Do I need to buy flood insurance?

If you are renting a home, your landlord is responsible for purchasing flood insurance. However, you may still purchase flood insurance to help protect your belongings.",home flood insurance,I'm renting a home. Do I need to buy flood insurance?,"If you are renting a home, your landlord is responsible for purchasing flood insurance. However, you may still purchase flood insurance to help protect your belongings.",2, 2 END,I'm renting a home. Do I need to buy flood insurance?,"
Classify customer's question. Classify between category 1 to 6.

Detailed guidelines for how to choose:
    choose 1 if the question is about auto insurance premium.
    choose 2 if the question is about home flood insurance.
    choose 3 if the question is irrelevant of insurance.
    choose 4 if the question is chit chat.
    choose 5 if the question is about ending conversation.
    choose 6 if the question is just a continuation of previous question.
    
Customer question: Hi there, do you know how to choose flood insurance?
Classified topic:2

Customer question: Hi there, I have a question on my auto insurance.
Classified topic:1

Customer question: Hi there, do you know how to apply for financial aid?
Classified topic:3

Customer question: How is your day?
Classified topic:4

Customer question: Thanks, I got all I need.
Classified topic:5

Customer question: Can you tell me more about it?
Classified topic:6


Customer question: I'm renting a home. Do I need to buy flood insurance?
Classified topic: "
20,"How much will my premium be?

Your premium is based on a number of factors, including your driving history, the type of car you drive, and where you live.",auto insurance premium,How much will my premium be?,"Your premium is based on a number of factors, including your driving history, the type of car you drive, and where you live.",1, 1 END,How much will my premium be?,"
Classify customer's question. Classify between category 1 to 6.

Detailed guidelines for how to choose:
    choose 1 if the question is about auto insurance premium.
    choose 2 if the question is about home flood insurance.
    choose 3 if the question is irrelevant of insurance.
    choose 4 if the question is chit chat.
    choose 5 if the question is about ending conversation.
    choose 6 if the question is just a continuation of previous question.
    
Customer question: Hi there, do you know how to choose flood insurance?
Classified topic:2

Customer question: Hi there, I have a question on my auto insurance.
Classified topic:1

Customer question: Hi there, do you know how to apply for financial aid?
Classified topic:3

Customer question: How is your day?
Classified topic:4

Customer question: Thanks, I got all I need.
Classified topic:5

Customer question: Can you tell me more about it?
Classified topic:6


Customer question: How much will my premium be?
Classified topic: "
21,"When do I need to pay my premium?

Most auto insurance companies require you to pay your premium in full every six months.",auto insurance premium,When do I need to pay my premium?,Most auto insurance companies require you to pay your premium in full every six months.,1, 1 END,When do I need to pay my premium?,"
Classify customer's question. Classify between category 1 to 6.

Detailed guidelines for how to choose:
    choose 1 if the question is about auto insurance premium.
    choose 2 if the question is about home flood insurance.
    choose 3 if the question is irrelevant of insurance.
    choose 4 if the question is chit chat.
    choose 5 if the question is about ending conversation.
    choose 6 if the question is just a continuation of previous question.
    
Customer question: Hi there, do you know how to choose flood insurance?
Classified topic:2

Customer question: Hi there, I have a question on my auto insurance.
Classified topic:1

Customer question: Hi there, do you know how to apply for financial aid?
Classified topic:3

Customer question: How is your day?
Classified topic:4

Customer question: Thanks, I got all I need.
Classified topic:5

Customer question: Can you tell me more about it?
Classified topic:6


Customer question: When do I need to pay my premium?
Classified topic: "
22,"What happens if I miss a payment?

If you miss a payment, your policy will likely be canceled.",auto insurance premium,What happens if I miss a payment?,"If you miss a payment, your policy will likely be canceled.",1, 1 END,What happens if I miss a payment?,"
Classify customer's question. Classify between category 1 to 6.

Detailed guidelines for how to choose:
    choose 1 if the question is about auto insurance premium.
    choose 2 if the question is about home flood insurance.
    choose 3 if the question is irrelevant of insurance.
    choose 4 if the question is chit chat.
    choose 5 if the question is about ending conversation.
    choose 6 if the question is just a continuation of previous question.
    
Customer question: Hi there, do you know how to choose flood insurance?
Classified topic:2

Customer question: Hi there, I have a question on my auto insurance.
Classified topic:1

Customer question: Hi there, do you know how to apply for financial aid?
Classified topic:3

Customer question: How is your day?
Classified topic:4

Customer question: Thanks, I got all I need.
Classified topic:5

Customer question: Can you tell me more about it?
Classified topic:6


Customer question: What happens if I miss a payment?
Classified topic: "
23,"Can I pay my premium in installments?

Some insurers allow you to pay your premium in installments, but there may be a fee for doing so.",auto insurance premium,Can I pay my premium in installments?,"Some insurers allow you to pay your premium in installments, but there may be a fee for doing so.",1, 1 END,Can I pay my premium in installments?,"
Classify customer's question. Classify between category 1 to 6.

Detailed guidelines for how to choose:
    choose 1 if the question is about auto insurance premium.
    choose 2 if the question is about home flood insurance.
    choose 3 if the question is irrelevant of insurance.
    choose 4 if the question is chit chat.
    choose 5 if the question is about ending conversation.
    choose 6 if the question is just a continuation of previous question.
    
Customer question: Hi there, do you know how to choose flood insurance?
Classified topic:2

Customer question: Hi there, I have a question on my auto insurance.
Classified topic:1

Customer question: Hi there, do you know how to apply for financial aid?
Classified topic:3

Customer question: How is your day?
Classified topic:4

Customer question: Thanks, I got all I need.
Classified topic:5

Customer question: Can you tell me more about it?
Classified topic:6


Customer question: Can I pay my premium in installments?
Classified topic: "
24,"What is a deductible?

A deductible is the amount you will have to pay out of pocket before your insurance company will start to pay for any damages.",auto insurance premium,What is a deductible?,A deductible is the amount you will have to pay out of pocket before your insurance company will start to pay for any damages.,1, 1 END,What is a deductible?,"
Classify customer's question. Classify between category 1 to 6.

Detailed guidelines for how to choose:
    choose 1 if the question is about auto insurance premium.
    choose 2 if the question is about home flood insurance.
    choose 3 if the question is irrelevant of insurance.
    choose 4 if the question is chit chat.
    choose 5 if the question is about ending conversation.
    choose 6 if the question is just a continuation of previous question.
    
Customer question: Hi there, do you know how to choose flood insurance?
Classified topic:2

Customer question: Hi there, I have a question on my auto insurance.
Classified topic:1

Customer question: Hi there, do you know how to apply for financial aid?
Classified topic:3

Customer question: How is your day?
Classified topic:4

Customer question: Thanks, I got all I need.
Classified topic:5

Customer question: Can you tell me more about it?
Classified topic:6


Customer question: What is a deductible?
Classified topic: "
25,"How much is my deductible?

Your deductible is typically set at $250 or $500, but it can vary depending on your policy.",auto insurance premium,How much is my deductible?,"Your deductible is typically set at $250 or $500, but it can vary depending on your policy.",1, 1 END,How much is my deductible?,"
Classify customer's question. Classify between category 1 to 6.

Detailed guidelines for how to choose:
    choose 1 if the question is about auto insurance premium.
    choose 2 if the question is about home flood insurance.
    choose 3 if the question is irrelevant of insurance.
    choose 4 if the question is chit chat.
    choose 5 if the question is about ending conversation.
    choose 6 if the question is just a continuation of previous question.
    
Customer question: Hi there, do you know how to choose flood insurance?
Classified topic:2

Customer question: Hi there, I have a question on my auto insurance.
Classified topic:1

Customer question: Hi there, do you know how to apply for financial aid?
Classified topic:3

Customer question: How is your day?
Classified topic:4

Customer question: Thanks, I got all I need.
Classified topic:5

Customer question: Can you tell me more about it?
Classified topic:6


Customer question: How much is my deductible?
Classified topic: "
26,"What types of coverage are available?

There are a variety of auto insurance coverages available, including liability, collision, and comprehensive.",auto insurance premium,What types of coverage are available?,"There are a variety of auto insurance coverages available, including liability, collision, and comprehensive.",1, 1 END,What types of coverage are available?,"
Classify customer's question. Classify between category 1 to 6.

Detailed guidelines for how to choose:
    choose 1 if the question is about auto insurance premium.
    choose 2 if the question is about home flood insurance.
    choose 3 if the question is irrelevant of insurance.
    choose 4 if the question is chit chat.
    choose 5 if the question is about ending conversation.
    choose 6 if the question is just a continuation of previous question.
    
Customer question: Hi there, do you know how to choose flood insurance?
Classified topic:2

Customer question: Hi there, I have a question on my auto insurance.
Classified topic:1

Customer question: Hi there, do you know how to apply for financial aid?
Classified topic:3

Customer question: How is your day?
Classified topic:4

Customer question: Thanks, I got all I need.
Classified topic:5

Customer question: Can you tell me more about it?
Classified topic:6


Customer question: What types of coverage are available?
Classified topic: "
27,"What are the limits of my coverage?

Your coverage limits are the maximum amount your insurance company will pay in the event of an accident.",auto insurance premium,What are the limits of my coverage?,Your coverage limits are the maximum amount your insurance company will pay in the event of an accident.,1, 1 END,What are the limits of my coverage?,"
Classify customer's question. Classify between category 1 to 6.

Detailed guidelines for how to choose:
    choose 1 if the question is about auto insurance premium.
    choose 2 if the question is about home flood insurance.
    choose 3 if the question is irrelevant of insurance.
    choose 4 if the question is chit chat.
    choose 5 if the question is about ending conversation.
    choose 6 if the question is just a continuation of previous question.
    
Customer question: Hi there, do you know how to choose flood insurance?
Classified topic:2

Customer question: Hi there, I have a question on my auto insurance.
Classified topic:1

Customer question: Hi there, do you know how to apply for financial aid?
Classified topic:3

Customer question: How is your day?
Classified topic:4

Customer question: Thanks, I got all I need.
Classified topic:5

Customer question: Can you tell me more about it?
Classified topic:6


Customer question: What are the limits of my coverage?
Classified topic: "
28,"What is an exclusion?

An exclusion is something that is not covered by your auto insurance policy.",auto insurance premium,What is an exclusion?,An exclusion is something that is not covered by your auto insurance policy.,1, 1 END,What is an exclusion?,"
Classify customer's question. Classify between category 1 to 6.

Detailed guidelines for how to choose:
    choose 1 if the question is about auto insurance premium.
    choose 2 if the question is about home flood insurance.
    choose 3 if the question is irrelevant of insurance.
    choose 4 if the question is chit chat.
    choose 5 if the question is about ending conversation.
    choose 6 if the question is just a continuation of previous question.
    
Customer question: Hi there, do you know how to choose flood insurance?
Classified topic:2

Customer question: Hi there, I have a question on my auto insurance.
Classified topic:1

Customer question: Hi there, do you know how to apply for financial aid?
Classified topic:3

Customer question: How is your day?
Classified topic:4

Customer question: Thanks, I got all I need.
Classified topic:5

Customer question: Can you tell me more about it?
Classified topic:6


Customer question: What is an exclusion?
Classified topic: "
29,"Do I need gap insurance?

If you finance or lease your car, gap insurance may be required.",auto insurance premium,Do I need gap insurance?,"If you finance or lease your car, gap insurance may be required.",1, 1 END,Do I need gap insurance?,"
Classify customer's question. Classify between category 1 to 6.

Detailed guidelines for how to choose:
    choose 1 if the question is about auto insurance premium.
    choose 2 if the question is about home flood insurance.
    choose 3 if the question is irrelevant of insurance.
    choose 4 if the question is chit chat.
    choose 5 if the question is about ending conversation.
    choose 6 if the question is just a continuation of previous question.
    
Customer question: Hi there, do you know how to choose flood insurance?
Classified topic:2

Customer question: Hi there, I have a question on my auto insurance.
Classified topic:1

Customer question: Hi there, do you know how to apply for financial aid?
Classified topic:3

Customer question: How is your day?
Classified topic:4

Customer question: Thanks, I got all I need.
Classified topic:5

Customer question: Can you tell me more about it?
Classified topic:6


Customer question: Do I need gap insurance?
Classified topic: "
30,"How are you?

I'm good, how can I help you today?",chit chat,How are you?,"I'm good, how can I help you today?",4, 4 END,How are you?,"
Classify customer's question. Classify between category 1 to 6.

Detailed guidelines for how to choose:
    choose 1 if the question is about auto insurance premium.
    choose 2 if the question is about home flood insurance.
    choose 3 if the question is irrelevant of insurance.
    choose 4 if the question is chit chat.
    choose 5 if the question is about ending conversation.
    choose 6 if the question is just a continuation of previous question.
    
Customer question: Hi there, do you know how to choose flood insurance?
Classified topic:2

Customer question: Hi there, I have a question on my auto insurance.
Classified topic:1

Customer question: Hi there, do you know how to apply for financial aid?
Classified topic:3

Customer question: How is your day?
Classified topic:4

Customer question: Thanks, I got all I need.
Classified topic:5

Customer question: Can you tell me more about it?
Classified topic:6


Customer question: How are you?
Classified topic: "
31,"Hi, there?

Hi, how can I help you today?",chit chat,"Hi, there?","Hi, how can I help you today?",4, 4 END,"Hi, there?","
Classify customer's question. Classify between category 1 to 6.

Detailed guidelines for how to choose:
    choose 1 if the question is about auto insurance premium.
    choose 2 if the question is about home flood insurance.
    choose 3 if the question is irrelevant of insurance.
    choose 4 if the question is chit chat.
    choose 5 if the question is about ending conversation.
    choose 6 if the question is just a continuation of previous question.
    
Customer question: Hi there, do you know how to choose flood insurance?
Classified topic:2

Customer question: Hi there, I have a question on my auto insurance.
Classified topic:1

Customer question: Hi there, do you know how to apply for financial aid?
Classified topic:3

Customer question: How is your day?
Classified topic:4

Customer question: Thanks, I got all I need.
Classified topic:5

Customer question: Can you tell me more about it?
Classified topic:6


Customer question: Hi, there?
Classified topic: "
32,"Hi, are you doing well?

I'm doing well, thank you. How can I help you today?",chit chat,"Hi, are you doing well?","I'm doing well, thank you. How can I help you today?",4, 4 END,"Hi, are you doing well?","
Classify customer's question. Classify between category 1 to 6.

Detailed guidelines for how to choose:
    choose 1 if the question is about auto insurance premium.
    choose 2 if the question is about home flood insurance.
    choose 3 if the question is irrelevant of insurance.
    choose 4 if the question is chit chat.
    choose 5 if the question is about ending conversation.
    choose 6 if the question is just a continuation of previous question.
    
Customer question: Hi there, do you know how to choose flood insurance?
Classified topic:2

Customer question: Hi there, I have a question on my auto insurance.
Classified topic:1

Customer question: Hi there, do you know how to apply for financial aid?
Classified topic:3

Customer question: How is your day?
Classified topic:4

Customer question: Thanks, I got all I need.
Classified topic:5

Customer question: Can you tell me more about it?
Classified topic:6


Customer question: Hi, are you doing well?
Classified topic: "
33,"Hi, may I ask you a question?

Of course. How can I help you today?",chit chat,"Hi, may I ask you a question?",Of course. How can I help you today?,4, 4 END,"Hi, may I ask you a question?","
Classify customer's question. Classify between category 1 to 6.

Detailed guidelines for how to choose:
    choose 1 if the question is about auto insurance premium.
    choose 2 if the question is about home flood insurance.
    choose 3 if the question is irrelevant of insurance.
    choose 4 if the question is chit chat.
    choose 5 if the question is about ending conversation.
    choose 6 if the question is just a continuation of previous question.
    
Customer question: Hi there, do you know how to choose flood insurance?
Classified topic:2

Customer question: Hi there, I have a question on my auto insurance.
Classified topic:1

Customer question: Hi there, do you know how to apply for financial aid?
Classified topic:3

Customer question: How is your day?
Classified topic:4

Customer question: Thanks, I got all I need.
Classified topic:5

Customer question: Can you tell me more about it?
Classified topic:6


Customer question: Hi, may I ask you a question?
Classified topic: "
34,"Hello!

Hi, how can I help you today?",chit chat,Hello!,"Hi, how can I help you today?",4, 4 END,Hello!,"
Classify customer's question. Classify between category 1 to 6.

Detailed guidelines for how to choose:
    choose 1 if the question is about auto insurance premium.
    choose 2 if the question is about home flood insurance.
    choose 3 if the question is irrelevant of insurance.
    choose 4 if the question is chit chat.
    choose 5 if the question is about ending conversation.
    choose 6 if the question is just a continuation of previous question.
    
Customer question: Hi there, do you know how to choose flood insurance?
Classified topic:2

Customer question: Hi there, I have a question on my auto insurance.
Classified topic:1

Customer question: Hi there, do you know how to apply for financial aid?
Classified topic:3

Customer question: How is your day?
Classified topic:4

Customer question: Thanks, I got all I need.
Classified topic:5

Customer question: Can you tell me more about it?
Classified topic:6


Customer question: Hello!
Classified topic: "
35,"Hey, there!

Hi, how can I help you today?",chit chat,"Hey, there!","Hi, how can I help you today?",4, 4 END,"Hey, there!","
Classify customer's question. Classify between category 1 to 6.

Detailed guidelines for how to choose:
    choose 1 if the question is about auto insurance premium.
    choose 2 if the question is about home flood insurance.
    choose 3 if the question is irrelevant of insurance.
    choose 4 if the question is chit chat.
    choose 5 if the question is about ending conversation.
    choose 6 if the question is just a continuation of previous question.
    
Customer question: Hi there, do you know how to choose flood insurance?
Classified topic:2

Customer question: Hi there, I have a question on my auto insurance.
Classified topic:1

Customer question: Hi there, do you know how to apply for financial aid?
Classified topic:3

Customer question: How is your day?
Classified topic:4

Customer question: Thanks, I got all I need.
Classified topic:5

Customer question: Can you tell me more about it?
Classified topic:6


Customer question: Hey, there!
Classified topic: "
36,"What are some good food choices to help me stay healthy and fit?

There are a lot of different opinions on what the best food choices are, but some general guidelines are to try to eat mostly fruits, vegetables, and whole grains, and to avoid processed foods and sugary drinks. You may also want to consider whether you are trying to lose weight, maintain your weight, or gain weight, and tailor your food choices accordingly.",irrelevant of insurance,What are some good food choices to help me stay healthy and fit?,"There are a lot of different opinions on what the best food choices are, but some general guidelines are to try to eat mostly fruits, vegetables, and whole grains, and to avoid processed foods and sugary drinks. You may also want to consider whether you are trying to lose weight, maintain your weight, or gain weight, and tailor your food choices accordingly.",3, 3 END,What are some good food choices to help me stay healthy and fit?,"
Classify customer's question. Classify between category 1 to 6.

Detailed guidelines for how to choose:
    choose 1 if the question is about auto insurance premium.
    choose 2 if the question is about home flood insurance.
    choose 3 if the question is irrelevant of insurance.
    choose 4 if the question is chit chat.
    choose 5 if the question is about ending conversation.
    choose 6 if the question is just a continuation of previous question.
    
Customer question: Hi there, do you know how to choose flood insurance?
Classified topic:2

Customer question: Hi there, I have a question on my auto insurance.
Classified topic:1

Customer question: Hi there, do you know how to apply for financial aid?
Classified topic:3

Customer question: How is your day?
Classified topic:4

Customer question: Thanks, I got all I need.
Classified topic:5

Customer question: Can you tell me more about it?
Classified topic:6


Customer question: What are some good food choices to help me stay healthy and fit?
Classified topic: "
37,"What should I do if I want to start contributing to my 401k?

The first step is to find out if your employer offers a 401k plan. If they do, you will likely need to sign up for the plan and designate a percentage of your salary to contribute each pay period. You can usually choose from a few different investment options, so you will need to decide what is best for you.",irrelevant of insurance,What should I do if I want to start contributing to my 401k?,"The first step is to find out if your employer offers a 401k plan. If they do, you will likely need to sign up for the plan and designate a percentage of your salary to contribute each pay period. You can usually choose from a few different investment options, so you will need to decide what is best for you.",3, 3 END,What should I do if I want to start contributing to my 401k?,"
Classify customer's question. Classify between category 1 to 6.

Detailed guidelines for how to choose:
    choose 1 if the question is about auto insurance premium.
    choose 2 if the question is about home flood insurance.
    choose 3 if the question is irrelevant of insurance.
    choose 4 if the question is chit chat.
    choose 5 if the question is about ending conversation.
    choose 6 if the question is just a continuation of previous question.
    
Customer question: Hi there, do you know how to choose flood insurance?
Classified topic:2

Customer question: Hi there, I have a question on my auto insurance.
Classified topic:1

Customer question: Hi there, do you know how to apply for financial aid?
Classified topic:3

Customer question: How is your day?
Classified topic:4

Customer question: Thanks, I got all I need.
Classified topic:5

Customer question: Can you tell me more about it?
Classified topic:6


Customer question: What should I do if I want to start contributing to my 401k?
Classified topic: "
38,"What are some good flowers to give as a gift?

There are a lot of different opinions on this topic, but some popular choices include roses, lilies, and daisies. It is important to consider the recipient's preferences, as some people may prefer more unique or exotic flowers.",irrelevant of insurance,What are some good flowers to give as a gift?,"There are a lot of different opinions on this topic, but some popular choices include roses, lilies, and daisies. It is important to consider the recipient's preferences, as some people may prefer more unique or exotic flowers.",3, 3 END,What are some good flowers to give as a gift?,"
Classify customer's question. Classify between category 1 to 6.

Detailed guidelines for how to choose:
    choose 1 if the question is about auto insurance premium.
    choose 2 if the question is about home flood insurance.
    choose 3 if the question is irrelevant of insurance.
    choose 4 if the question is chit chat.
    choose 5 if the question is about ending conversation.
    choose 6 if the question is just a continuation of previous question.
    
Customer question: Hi there, do you know how to choose flood insurance?
Classified topic:2

Customer question: Hi there, I have a question on my auto insurance.
Classified topic:1

Customer question: Hi there, do you know how to apply for financial aid?
Classified topic:3

Customer question: How is your day?
Classified topic:4

Customer question: Thanks, I got all I need.
Classified topic:5

Customer question: Can you tell me more about it?
Classified topic:6


Customer question: What are some good flowers to give as a gift?
Classified topic: "
39,"What are some good tips for taking care of my pet?

There is no one-size-fits-all answer to this question, as the best way to take care of your pet depends on the type of pet you have and its specific needs. However, some general tips include feeding your pet a healthy diet, exercising it regularly, and taking it to the vet for regular checkups.",irrelevant of insurance,What are some good tips for taking care of my pet?,"There is no one-size-fits-all answer to this question, as the best way to take care of your pet depends on the type of pet you have and its specific needs. However, some general tips include feeding your pet a healthy diet, exercising it regularly, and taking it to the vet for regular checkups.",3, 3 END,What are some good tips for taking care of my pet?,"
Classify customer's question. Classify between category 1 to 6.

Detailed guidelines for how to choose:
    choose 1 if the question is about auto insurance premium.
    choose 2 if the question is about home flood insurance.
    choose 3 if the question is irrelevant of insurance.
    choose 4 if the question is chit chat.
    choose 5 if the question is about ending conversation.
    choose 6 if the question is just a continuation of previous question.
    
Customer question: Hi there, do you know how to choose flood insurance?
Classified topic:2

Customer question: Hi there, I have a question on my auto insurance.
Classified topic:1

Customer question: Hi there, do you know how to apply for financial aid?
Classified topic:3

Customer question: How is your day?
Classified topic:4

Customer question: Thanks, I got all I need.
Classified topic:5

Customer question: Can you tell me more about it?
Classified topic:6


Customer question: What are some good tips for taking care of my pet?
Classified topic: "
40,"What are some good tips for dressing fashionably?

There is no one-size-fits-all answer to this question, as the best way to dress fashionably depends on your body type, personal style, and the occasion. However, some general tips include choosing clothes that fit well, wearing colors that complement your skin tone, and accessorizing with jewelry and scarves.",irrelevant of insurance,What are some good tips for dressing fashionably?,"There is no one-size-fits-all answer to this question, as the best way to dress fashionably depends on your body type, personal style, and the occasion. However, some general tips include choosing clothes that fit well, wearing colors that complement your skin tone, and accessorizing with jewelry and scarves.",3, 3 END,What are some good tips for dressing fashionably?,"
Classify customer's question. Classify between category 1 to 6.

Detailed guidelines for how to choose:
    choose 1 if the question is about auto insurance premium.
    choose 2 if the question is about home flood insurance.
    choose 3 if the question is irrelevant of insurance.
    choose 4 if the question is chit chat.
    choose 5 if the question is about ending conversation.
    choose 6 if the question is just a continuation of previous question.
    
Customer question: Hi there, do you know how to choose flood insurance?
Classified topic:2

Customer question: Hi there, I have a question on my auto insurance.
Classified topic:1

Customer question: Hi there, do you know how to apply for financial aid?
Classified topic:3

Customer question: How is your day?
Classified topic:4

Customer question: Thanks, I got all I need.
Classified topic:5

Customer question: Can you tell me more about it?
Classified topic:6


Customer question: What are some good tips for dressing fashionably?
Classified topic: "
41,"What are some good tips for staying healthy?

There is no one-size-fits-all answer to this question, as the best way to stay healthy depends on your individual needs. However, some general tips include eating a balanced diet, exercising regularly, and getting enough sleep.",irrelevant of insurance,What are some good tips for staying healthy?,"There is no one-size-fits-all answer to this question, as the best way to stay healthy depends on your individual needs. However, some general tips include eating a balanced diet, exercising regularly, and getting enough sleep.",3, 3 END,What are some good tips for staying healthy?,"
Classify customer's question. Classify between category 1 to 6.

Detailed guidelines for how to choose:
    choose 1 if the question is about auto insurance premium.
    choose 2 if the question is about home flood insurance.
    choose 3 if the question is irrelevant of insurance.
    choose 4 if the question is chit chat.
    choose 5 if the question is about ending conversation.
    choose 6 if the question is just a continuation of previous question.
    
Customer question: Hi there, do you know how to choose flood insurance?
Classified topic:2

Customer question: Hi there, I have a question on my auto insurance.
Classified topic:1

Customer question: Hi there, do you know how to apply for financial aid?
Classified topic:3

Customer question: How is your day?
Classified topic:4

Customer question: Thanks, I got all I need.
Classified topic:5

Customer question: Can you tell me more about it?
Classified topic:6


Customer question: What are some good tips for staying healthy?
Classified topic: "
42,"What are some good tips for traveling?

There is no one-size-fits-all answer to this question, as the best way to travel depends on your individual needs. However, some general tips include packing light, researching your destination ahead of time, and always being aware of your surroundings.",irrelevant of insurance,What are some good tips for traveling?,"There is no one-size-fits-all answer to this question, as the best way to travel depends on your individual needs. However, some general tips include packing light, researching your destination ahead of time, and always being aware of your surroundings.",3, 3 END,What are some good tips for traveling?,"
Classify customer's question. Classify between category 1 to 6.

Detailed guidelines for how to choose:
    choose 1 if the question is about auto insurance premium.
    choose 2 if the question is about home flood insurance.
    choose 3 if the question is irrelevant of insurance.
    choose 4 if the question is chit chat.
    choose 5 if the question is about ending conversation.
    choose 6 if the question is just a continuation of previous question.
    
Customer question: Hi there, do you know how to choose flood insurance?
Classified topic:2

Customer question: Hi there, I have a question on my auto insurance.
Classified topic:1

Customer question: Hi there, do you know how to apply for financial aid?
Classified topic:3

Customer question: How is your day?
Classified topic:4

Customer question: Thanks, I got all I need.
Classified topic:5

Customer question: Can you tell me more about it?
Classified topic:6


Customer question: What are some good tips for traveling?
Classified topic: "
43,"What are some good tips for saving money?

There is no one-size-fits-all answer to this question, as the best way to save money depends on your individual needs and spending habits. However, some general tips include creating a budget, tracking your spending, and investing in a good savings account.",irrelevant of insurance,What are some good tips for saving money?,"There is no one-size-fits-all answer to this question, as the best way to save money depends on your individual needs and spending habits. However, some general tips include creating a budget, tracking your spending, and investing in a good savings account.",3, 3 END,What are some good tips for saving money?,"
Classify customer's question. Classify between category 1 to 6.

Detailed guidelines for how to choose:
    choose 1 if the question is about auto insurance premium.
    choose 2 if the question is about home flood insurance.
    choose 3 if the question is irrelevant of insurance.
    choose 4 if the question is chit chat.
    choose 5 if the question is about ending conversation.
    choose 6 if the question is just a continuation of previous question.
    
Customer question: Hi there, do you know how to choose flood insurance?
Classified topic:2

Customer question: Hi there, I have a question on my auto insurance.
Classified topic:1

Customer question: Hi there, do you know how to apply for financial aid?
Classified topic:3

Customer question: How is your day?
Classified topic:4

Customer question: Thanks, I got all I need.
Classified topic:5

Customer question: Can you tell me more about it?
Classified topic:6


Customer question: What are some good tips for saving money?
Classified topic: "
44,"What are some good tips for staying organized?

There is no one-size-fits-all answer to this question, as the best way to stay organized depends on your individual needs. However, some general tips include creating a to-do list, setting deadlines for tasks, and organizing your belongings into categories.",irrelevant of insurance,What are some good tips for staying organized?,"There is no one-size-fits-all answer to this question, as the best way to stay organized depends on your individual needs. However, some general tips include creating a to-do list, setting deadlines for tasks, and organizing your belongings into categories.",3, 3 END,What are some good tips for staying organized?,"
Classify customer's question. Classify between category 1 to 6.

Detailed guidelines for how to choose:
    choose 1 if the question is about auto insurance premium.
    choose 2 if the question is about home flood insurance.
    choose 3 if the question is irrelevant of insurance.
    choose 4 if the question is chit chat.
    choose 5 if the question is about ending conversation.
    choose 6 if the question is just a continuation of previous question.
    
Customer question: Hi there, do you know how to choose flood insurance?
Classified topic:2

Customer question: Hi there, I have a question on my auto insurance.
Classified topic:1

Customer question: Hi there, do you know how to apply for financial aid?
Classified topic:3

Customer question: How is your day?
Classified topic:4

Customer question: Thanks, I got all I need.
Classified topic:5

Customer question: Can you tell me more about it?
Classified topic:6


Customer question: What are some good tips for staying organized?
Classified topic: "
45,"What are some good tips for managing stress?

There is no one-size-fits-all answer to this question, as the best way to manage stress depends on your individual needs. However, some general tips include exercising regularly, practicing yoga or meditation, and avoiding caffeine and alcohol.",irrelevant of insurance,What are some good tips for managing stress?,"There is no one-size-fits-all answer to this question, as the best way to manage stress depends on your individual needs. However, some general tips include exercising regularly, practicing yoga or meditation, and avoiding caffeine and alcohol.",3, 3 END,What are some good tips for managing stress?,"
Classify customer's question. Classify between category 1 to 6.

Detailed guidelines for how to choose:
    choose 1 if the question is about auto insurance premium.
    choose 2 if the question is about home flood insurance.
    choose 3 if the question is irrelevant of insurance.
    choose 4 if the question is chit chat.
    choose 5 if the question is about ending conversation.
    choose 6 if the question is just a continuation of previous question.
    
Customer question: Hi there, do you know how to choose flood insurance?
Classified topic:2

Customer question: Hi there, I have a question on my auto insurance.
Classified topic:1

Customer question: Hi there, do you know how to apply for financial aid?
Classified topic:3

Customer question: How is your day?
Classified topic:4

Customer question: Thanks, I got all I need.
Classified topic:5

Customer question: Can you tell me more about it?
Classified topic:6


Customer question: What are some good tips for managing stress?
Classified topic: "
46,"Customer: ""Thank you for helping me with my insurance problem. I'm glad I was able to get it sorted out."" 
Agent: ""You're very welcome. I'm glad we were able to help you. Thank you for choosing our service.""",end conversation,"Customer: ""Thank you for helping me with my insurance problem. I'm glad I was able to get it sorted out.""","Agent: ""You're very welcome. I'm glad we were able to help you. Thank you for choosing our service.""",5, 5 END,"Customer: ""Thank you for helping me with my insurance problem. I'm glad I was able to get it sorted out.""","
Classify customer's question. Classify between category 1 to 6.

Detailed guidelines for how to choose:
    choose 1 if the question is about auto insurance premium.
    choose 2 if the question is about home flood insurance.
    choose 3 if the question is irrelevant of insurance.
    choose 4 if the question is chit chat.
    choose 5 if the question is about ending conversation.
    choose 6 if the question is just a continuation of previous question.
    
Customer question: Hi there, do you know how to choose flood insurance?
Classified topic:2

Customer question: Hi there, I have a question on my auto insurance.
Classified topic:1

Customer question: Hi there, do you know how to apply for financial aid?
Classified topic:3

Customer question: How is your day?
Classified topic:4

Customer question: Thanks, I got all I need.
Classified topic:5

Customer question: Can you tell me more about it?
Classified topic:6


Customer question: Customer: ""Thank you for helping me with my insurance problem. I'm glad I was able to get it sorted out.""
Classified topic: "
47,"Customer: ""I'm so relieved that I was able to get my insurance issue resolved. Thanks for your help."" 
Agent: ""It was our pleasure. We're glad to have been able to help you. Thank you for being a valued customer.""",end conversation,"Customer: ""I'm so relieved that I was able to get my insurance issue resolved. Thanks for your help.""","Agent: ""It was our pleasure. We're glad to have been able to help you. Thank you for being a valued customer.""",5, 5 END,"Customer: ""I'm so relieved that I was able to get my insurance issue resolved. Thanks for your help.""","
Classify customer's question. Classify between category 1 to 6.

Detailed guidelines for how to choose:
    choose 1 if the question is about auto insurance premium.
    choose 2 if the question is about home flood insurance.
    choose 3 if the question is irrelevant of insurance.
    choose 4 if the question is chit chat.
    choose 5 if the question is about ending conversation.
    choose 6 if the question is just a continuation of previous question.
    
Customer question: Hi there, do you know how to choose flood insurance?
Classified topic:2

Customer question: Hi there, I have a question on my auto insurance.
Classified topic:1

Customer question: Hi there, do you know how to apply for financial aid?
Classified topic:3

Customer question: How is your day?
Classified topic:4

Customer question: Thanks, I got all I need.
Classified topic:5

Customer question: Can you tell me more about it?
Classified topic:6


Customer question: Customer: ""I'm so relieved that I was able to get my insurance issue resolved. Thanks for your help.""
Classified topic: "
48,"Customer: ""I'm so grateful that I could get my insurance issue sorted out. Thank you for your assistance."" 
Agent: ""It was our pleasure. We're glad to have been able to help you. We appreciate your business.""",end conversation,"Customer: ""I'm so grateful that I could get my insurance issue sorted out. Thank you for your assistance.""","Agent: ""It was our pleasure. We're glad to have been able to help you. We appreciate your business.""",5, 5 END,"Customer: ""I'm so grateful that I could get my insurance issue sorted out. Thank you for your assistance.""","
Classify customer's question. Classify between category 1 to 6.

Detailed guidelines for how to choose:
    choose 1 if the question is about auto insurance premium.
    choose 2 if the question is about home flood insurance.
    choose 3 if the question is irrelevant of insurance.
    choose 4 if the question is chit chat.
    choose 5 if the question is about ending conversation.
    choose 6 if the question is just a continuation of previous question.
    
Customer question: Hi there, do you know how to choose flood insurance?
Classified topic:2

Customer question: Hi there, I have a question on my auto insurance.
Classified topic:1

Customer question: Hi there, do you know how to apply for financial aid?
Classified topic:3

Customer question: How is your day?
Classified topic:4

Customer question: Thanks, I got all I need.
Classified topic:5

Customer question: Can you tell me more about it?
Classified topic:6


Customer question: Customer: ""I'm so grateful that I could get my insurance issue sorted out. Thank you for your assistance.""
Classified topic: "
49,"Customer: ""I'm so glad I was able to get my insurance problem taken care of. Thanks for your help."" 
Agent: ""You're very welcome. We're glad to have been able to help you. Thank you for choosing our service.""",end conversation,"Customer: ""I'm so glad I was able to get my insurance problem taken care of. Thanks for your help.""","Agent: ""You're very welcome. We're glad to have been able to help you. Thank you for choosing our service.""",5, 5 END,"Customer: ""I'm so glad I was able to get my insurance problem taken care of. Thanks for your help.""","
Classify customer's question. Classify between category 1 to 6.

Detailed guidelines for how to choose:
    choose 1 if the question is about auto insurance premium.
    choose 2 if the question is about home flood insurance.
    choose 3 if the question is irrelevant of insurance.
    choose 4 if the question is chit chat.
    choose 5 if the question is about ending conversation.
    choose 6 if the question is just a continuation of previous question.
    
Customer question: Hi there, do you know how to choose flood insurance?
Classified topic:2

Customer question: Hi there, I have a question on my auto insurance.
Classified topic:1

Customer question: Hi there, do you know how to apply for financial aid?
Classified topic:3

Customer question: How is your day?
Classified topic:4

Customer question: Thanks, I got all I need.
Classified topic:5

Customer question: Can you tell me more about it?
Classified topic:6


Customer question: Customer: ""I'm so glad I was able to get my insurance problem taken care of. Thanks for your help.""
Classified topic: "
50,"Customer: ""I'm so relieved that I was able to get my insurance issue resolved. Thanks for your help."" 
Agent: ""You're welcome. We're glad to have been able to help you. We appreciate your loyalty.""",end conversation,"Customer: ""I'm so relieved that I was able to get my insurance issue resolved. Thanks for your help.""","Agent: ""You're welcome. We're glad to have been able to help you. We appreciate your loyalty.""",5, 5 END,"Customer: ""I'm so relieved that I was able to get my insurance issue resolved. Thanks for your help.""","
Classify customer's question. Classify between category 1 to 6.

Detailed guidelines for how to choose:
    choose 1 if the question is about auto insurance premium.
    choose 2 if the question is about home flood insurance.
    choose 3 if the question is irrelevant of insurance.
    choose 4 if the question is chit chat.
    choose 5 if the question is about ending conversation.
    choose 6 if the question is just a continuation of previous question.
    
Customer question: Hi there, do you know how to choose flood insurance?
Classified topic:2

Customer question: Hi there, I have a question on my auto insurance.
Classified topic:1

Customer question: Hi there, do you know how to apply for financial aid?
Classified topic:3

Customer question: How is your day?
Classified topic:4

Customer question: Thanks, I got all I need.
Classified topic:5

Customer question: Can you tell me more about it?
Classified topic:6


Customer question: Customer: ""I'm so relieved that I was able to get my insurance issue resolved. Thanks for your help.""
Classified topic: "
51,"Customer: ""I'm so glad I was able to get my insurance problem taken care of. Thanks for your assistance."" 
Agent: ""It was our pleasure. We're glad to have been able to help you. Thank you for being a valued customer.""",end conversation,"Customer: ""I'm so glad I was able to get my insurance problem taken care of. Thanks for your assistance.""","Agent: ""It was our pleasure. We're glad to have been able to help you. Thank you for being a valued customer.""",5, 5 END,"Customer: ""I'm so glad I was able to get my insurance problem taken care of. Thanks for your assistance.""","
Classify customer's question. Classify between category 1 to 6.

Detailed guidelines for how to choose:
    choose 1 if the question is about auto insurance premium.
    choose 2 if the question is about home flood insurance.
    choose 3 if the question is irrelevant of insurance.
    choose 4 if the question is chit chat.
    choose 5 if the question is about ending conversation.
    choose 6 if the question is just a continuation of previous question.
    
Customer question: Hi there, do you know how to choose flood insurance?
Classified topic:2

Customer question: Hi there, I have a question on my auto insurance.
Classified topic:1

Customer question: Hi there, do you know how to apply for financial aid?
Classified topic:3

Customer question: How is your day?
Classified topic:4

Customer question: Thanks, I got all I need.
Classified topic:5

Customer question: Can you tell me more about it?
Classified topic:6


Customer question: Customer: ""I'm so glad I was able to get my insurance problem taken care of. Thanks for your assistance.""
Classified topic: "
52,"Customer: ""I'm so grateful that I could get my insurance issue sorted out. Thanks for your help."" 
Agent: ""You're very welcome. We're glad to have been able to help you. We appreciate your business.""",end conversation,"Customer: ""I'm so grateful that I could get my insurance issue sorted out. Thanks for your help.""","Agent: ""You're very welcome. We're glad to have been able to help you. We appreciate your business.""",5, 5 END,"Customer: ""I'm so grateful that I could get my insurance issue sorted out. Thanks for your help.""","
Classify customer's question. Classify between category 1 to 6.

Detailed guidelines for how to choose:
    choose 1 if the question is about auto insurance premium.
    choose 2 if the question is about home flood insurance.
    choose 3 if the question is irrelevant of insurance.
    choose 4 if the question is chit chat.
    choose 5 if the question is about ending conversation.
    choose 6 if the question is just a continuation of previous question.
    
Customer question: Hi there, do you know how to choose flood insurance?
Classified topic:2

Customer question: Hi there, I have a question on my auto insurance.
Classified topic:1

Customer question: Hi there, do you know how to apply for financial aid?
Classified topic:3

Customer question: How is your day?
Classified topic:4

Customer question: Thanks, I got all I need.
Classified topic:5

Customer question: Can you tell me more about it?
Classified topic:6


Customer question: Customer: ""I'm so grateful that I could get my insurance issue sorted out. Thanks for your help.""
Classified topic: "
53,"Customer: ""I'm so relieved that I was able to get my insurance issue resolved. Thanks for your assistance."" 
Agent: ""It was our pleasure. We're glad to have been able to help you. Thank you for choosing our service.""",end conversation,"Customer: ""I'm so relieved that I was able to get my insurance issue resolved. Thanks for your assistance.""","Agent: ""It was our pleasure. We're glad to have been able to help you. Thank you for choosing our service.""",5, 5 END,"Customer: ""I'm so relieved that I was able to get my insurance issue resolved. Thanks for your assistance.""","
Classify customer's question. Classify between category 1 to 6.

Detailed guidelines for how to choose:
    choose 1 if the question is about auto insurance premium.
    choose 2 if the question is about home flood insurance.
    choose 3 if the question is irrelevant of insurance.
    choose 4 if the question is chit chat.
    choose 5 if the question is about ending conversation.
    choose 6 if the question is just a continuation of previous question.
    
Customer question: Hi there, do you know how to choose flood insurance?
Classified topic:2

Customer question: Hi there, I have a question on my auto insurance.
Classified topic:1

Customer question: Hi there, do you know how to apply for financial aid?
Classified topic:3

Customer question: How is your day?
Classified topic:4

Customer question: Thanks, I got all I need.
Classified topic:5

Customer question: Can you tell me more about it?
Classified topic:6


Customer question: Customer: ""I'm so relieved that I was able to get my insurance issue resolved. Thanks for your assistance.""
Classified topic: "
54,"Customer: ""I'm so glad I was able to get my insurance problem taken care of. Thanks for your help."" 
Agent: ""You're welcome. We're glad to have been able to help you. We appreciate your loyalty.""",end conversation,"Customer: ""I'm so glad I was able to get my insurance problem taken care of. Thanks for your help.""","Agent: ""You're welcome. We're glad to have been able to help you. We appreciate your loyalty.""",5, 5 END,"Customer: ""I'm so glad I was able to get my insurance problem taken care of. Thanks for your help.""","
Classify customer's question. Classify between category 1 to 6.

Detailed guidelines for how to choose:
    choose 1 if the question is about auto insurance premium.
    choose 2 if the question is about home flood insurance.
    choose 3 if the question is irrelevant of insurance.
    choose 4 if the question is chit chat.
    choose 5 if the question is about ending conversation.
    choose 6 if the question is just a continuation of previous question.
    
Customer question: Hi there, do you know how to choose flood insurance?
Classified topic:2

Customer question: Hi there, I have a question on my auto insurance.
Classified topic:1

Customer question: Hi there, do you know how to apply for financial aid?
Classified topic:3

Customer question: How is your day?
Classified topic:4

Customer question: Thanks, I got all I need.
Classified topic:5

Customer question: Can you tell me more about it?
Classified topic:6


Customer question: Customer: ""I'm so glad I was able to get my insurance problem taken care of. Thanks for your help.""
Classified topic: "
55,"Customer: ""I'm so grateful that I could get my insurance issue sorted out. Thanks for your assistance."" 
Agent: ""It was our pleasure. We're glad to have been able to help you. Thank you for being a valued customer.""",end conversation,"Customer: ""I'm so grateful that I could get my insurance issue sorted out. Thanks for your assistance.""","Agent: ""It was our pleasure. We're glad to have been able to help you. Thank you for being a valued customer.""",5, 5 END,"Customer: ""I'm so grateful that I could get my insurance issue sorted out. Thanks for your assistance.""","
Classify customer's question. Classify between category 1 to 6.

Detailed guidelines for how to choose:
    choose 1 if the question is about auto insurance premium.
    choose 2 if the question is about home flood insurance.
    choose 3 if the question is irrelevant of insurance.
    choose 4 if the question is chit chat.
    choose 5 if the question is about ending conversation.
    choose 6 if the question is just a continuation of previous question.
    
Customer question: Hi there, do you know how to choose flood insurance?
Classified topic:2

Customer question: Hi there, I have a question on my auto insurance.
Classified topic:1

Customer question: Hi there, do you know how to apply for financial aid?
Classified topic:3

Customer question: How is your day?
Classified topic:4

Customer question: Thanks, I got all I need.
Classified topic:5

Customer question: Can you tell me more about it?
Classified topic:6


Customer question: Customer: ""I'm so grateful that I could get my insurance issue sorted out. Thanks for your assistance.""
Classified topic: "
56,"Customer: What else can you tell me?
Agent: Sure thing, I can tell you more.",continued conversation,Customer: What else can you tell me?,"Agent: Sure thing, I can tell you more.",6, 6 END,Customer: What else can you tell me?,"
Classify customer's question. Classify between category 1 to 6.

Detailed guidelines for how to choose:
    choose 1 if the question is about auto insurance premium.
    choose 2 if the question is about home flood insurance.
    choose 3 if the question is irrelevant of insurance.
    choose 4 if the question is chit chat.
    choose 5 if the question is about ending conversation.
    choose 6 if the question is just a continuation of previous question.
    
Customer question: Hi there, do you know how to choose flood insurance?
Classified topic:2

Customer question: Hi there, I have a question on my auto insurance.
Classified topic:1

Customer question: Hi there, do you know how to apply for financial aid?
Classified topic:3

Customer question: How is your day?
Classified topic:4

Customer question: Thanks, I got all I need.
Classified topic:5

Customer question: Can you tell me more about it?
Classified topic:6


Customer question: Customer: What else can you tell me?
Classified topic: "
57,"Customer: Can you give me more information?
Agent: Sure thing, I can tell you more.",continued conversation,Customer: Can you give me more information?,"Agent: Sure thing, I can tell you more.",6, 6 END,Customer: Can you give me more information?,"
Classify customer's question. Classify between category 1 to 6.

Detailed guidelines for how to choose:
    choose 1 if the question is about auto insurance premium.
    choose 2 if the question is about home flood insurance.
    choose 3 if the question is irrelevant of insurance.
    choose 4 if the question is chit chat.
    choose 5 if the question is about ending conversation.
    choose 6 if the question is just a continuation of previous question.
    
Customer question: Hi there, do you know how to choose flood insurance?
Classified topic:2

Customer question: Hi there, I have a question on my auto insurance.
Classified topic:1

Customer question: Hi there, do you know how to apply for financial aid?
Classified topic:3

Customer question: How is your day?
Classified topic:4

Customer question: Thanks, I got all I need.
Classified topic:5

Customer question: Can you tell me more about it?
Classified topic:6


Customer question: Customer: Can you give me more information?
Classified topic: "
58,"Customer: Could you provide me with additional details?
Agent: Sure thing, I can tell you more.",continued conversation,Customer: Could you provide me with additional details?,"Agent: Sure thing, I can tell you more.",6, 6 END,Customer: Could you provide me with additional details?,"
Classify customer's question. Classify between category 1 to 6.

Detailed guidelines for how to choose:
    choose 1 if the question is about auto insurance premium.
    choose 2 if the question is about home flood insurance.
    choose 3 if the question is irrelevant of insurance.
    choose 4 if the question is chit chat.
    choose 5 if the question is about ending conversation.
    choose 6 if the question is just a continuation of previous question.
    
Customer question: Hi there, do you know how to choose flood insurance?
Classified topic:2

Customer question: Hi there, I have a question on my auto insurance.
Classified topic:1

Customer question: Hi there, do you know how to apply for financial aid?
Classified topic:3

Customer question: How is your day?
Classified topic:4

Customer question: Thanks, I got all I need.
Classified topic:5

Customer question: Can you tell me more about it?
Classified topic:6


Customer question: Customer: Could you provide me with additional details?
Classified topic: "
59,"Customer: Do you have anything else to share?
Agent: Sure thing, I can tell you more.",continued conversation,Customer: Do you have anything else to share?,"Agent: Sure thing, I can tell you more.",6, 6 END,Customer: Do you have anything else to share?,"
Classify customer's question. Classify between category 1 to 6.

Detailed guidelines for how to choose:
    choose 1 if the question is about auto insurance premium.
    choose 2 if the question is about home flood insurance.
    choose 3 if the question is irrelevant of insurance.
    choose 4 if the question is chit chat.
    choose 5 if the question is about ending conversation.
    choose 6 if the question is just a continuation of previous question.
    
Customer question: Hi there, do you know how to choose flood insurance?
Classified topic:2

Customer question: Hi there, I have a question on my auto insurance.
Classified topic:1

Customer question: Hi there, do you know how to apply for financial aid?
Classified topic:3

Customer question: How is your day?
Classified topic:4

Customer question: Thanks, I got all I need.
Classified topic:5

Customer question: Can you tell me more about it?
Classified topic:6


Customer question: Customer: Do you have anything else to share?
Classified topic: "
60,"Customer: Can you elaborate?
Agent: Sure thing, I can tell you more.",continued conversation,Customer: Can you elaborate?,"Agent: Sure thing, I can tell you more.",6, 6 END,Customer: Can you elaborate?,"
Classify customer's question. Classify between category 1 to 6.

Detailed guidelines for how to choose:
    choose 1 if the question is about auto insurance premium.
    choose 2 if the question is about home flood insurance.
    choose 3 if the question is irrelevant of insurance.
    choose 4 if the question is chit chat.
    choose 5 if the question is about ending conversation.
    choose 6 if the question is just a continuation of previous question.
    
Customer question: Hi there, do you know how to choose flood insurance?
Classified topic:2

Customer question: Hi there, I have a question on my auto insurance.
Classified topic:1

Customer question: Hi there, do you know how to apply for financial aid?
Classified topic:3

Customer question: How is your day?
Classified topic:4

Customer question: Thanks, I got all I need.
Classified topic:5

Customer question: Can you tell me more about it?
Classified topic:6


Customer question: Customer: Can you elaborate?
Classified topic: "
61,"Customer: Is there anything else you can tell me?
Agent: Sure thing, I can tell you more.",continued conversation,Customer: Is there anything else you can tell me?,"Agent: Sure thing, I can tell you more.",6, 6 END,Customer: Is there anything else you can tell me?,"
Classify customer's question. Classify between category 1 to 6.

Detailed guidelines for how to choose:
    choose 1 if the question is about auto insurance premium.
    choose 2 if the question is about home flood insurance.
    choose 3 if the question is irrelevant of insurance.
    choose 4 if the question is chit chat.
    choose 5 if the question is about ending conversation.
    choose 6 if the question is just a continuation of previous question.
    
Customer question: Hi there, do you know how to choose flood insurance?
Classified topic:2

Customer question: Hi there, I have a question on my auto insurance.
Classified topic:1

Customer question: Hi there, do you know how to apply for financial aid?
Classified topic:3

Customer question: How is your day?
Classified topic:4

Customer question: Thanks, I got all I need.
Classified topic:5

Customer question: Can you tell me more about it?
Classified topic:6


Customer question: Customer: Is there anything else you can tell me?
Classified topic: "
62,"Customer: Do you have any other information?
Agent: Sure thing, I can tell you more.",continued conversation,Customer: Do you have any other information?,"Agent: Sure thing, I can tell you more.",6, 6 END,Customer: Do you have any other information?,"
Classify customer's question. Classify between category 1 to 6.

Detailed guidelines for how to choose:
    choose 1 if the question is about auto insurance premium.
    choose 2 if the question is about home flood insurance.
    choose 3 if the question is irrelevant of insurance.
    choose 4 if the question is chit chat.
    choose 5 if the question is about ending conversation.
    choose 6 if the question is just a continuation of previous question.
    
Customer question: Hi there, do you know how to choose flood insurance?
Classified topic:2

Customer question: Hi there, I have a question on my auto insurance.
Classified topic:1

Customer question: Hi there, do you know how to apply for financial aid?
Classified topic:3

Customer question: How is your day?
Classified topic:4

Customer question: Thanks, I got all I need.
Classified topic:5

Customer question: Can you tell me more about it?
Classified topic:6


Customer question: Customer: Do you have any other information?
Classified topic: "
63,"Customer: Can you tell me more about it?
Agent: Sure thing, I can tell you more.",continued conversation,Customer: Can you tell me more about it?,"Agent: Sure thing, I can tell you more.",6, 6 END,Customer: Can you tell me more about it?,"
Classify customer's question. Classify between category 1 to 6.

Detailed guidelines for how to choose:
    choose 1 if the question is about auto insurance premium.
    choose 2 if the question is about home flood insurance.
    choose 3 if the question is irrelevant of insurance.
    choose 4 if the question is chit chat.
    choose 5 if the question is about ending conversation.
    choose 6 if the question is just a continuation of previous question.
    
Customer question: Hi there, do you know how to choose flood insurance?
Classified topic:2

Customer question: Hi there, I have a question on my auto insurance.
Classified topic:1

Customer question: Hi there, do you know how to apply for financial aid?
Classified topic:3

Customer question: How is your day?
Classified topic:4

Customer question: Thanks, I got all I need.
Classified topic:5

Customer question: Can you tell me more about it?
Classified topic:6


Customer question: Customer: Can you tell me more about it?
Classified topic: "
64,"Customer: What else do you know?
Agent: Sure thing, I can tell you more.",continued conversation,Customer: What else do you know?,"Agent: Sure thing, I can tell you more.",6, 6 END,Customer: What else do you know?,"
Classify customer's question. Classify between category 1 to 6.

Detailed guidelines for how to choose:
    choose 1 if the question is about auto insurance premium.
    choose 2 if the question is about home flood insurance.
    choose 3 if the question is irrelevant of insurance.
    choose 4 if the question is chit chat.
    choose 5 if the question is about ending conversation.
    choose 6 if the question is just a continuation of previous question.
    
Customer question: Hi there, do you know how to choose flood insurance?
Classified topic:2

Customer question: Hi there, I have a question on my auto insurance.
Classified topic:1

Customer question: Hi there, do you know how to apply for financial aid?
Classified topic:3

Customer question: How is your day?
Classified topic:4

Customer question: Thanks, I got all I need.
Classified topic:5

Customer question: Can you tell me more about it?
Classified topic:6


Customer question: Customer: What else do you know?
Classified topic: "
65,"Customer: Could you give me further information?
Agent: Sure thing, I can tell you more.",continued conversation,Customer: Could you give me further information?,"Agent: Sure thing, I can tell you more.",6, 6 END,Customer: Could you give me further information?,"
Classify customer's question. Classify between category 1 to 6.

Detailed guidelines for how to choose:
    choose 1 if the question is about auto insurance premium.
    choose 2 if the question is about home flood insurance.
    choose 3 if the question is irrelevant of insurance.
    choose 4 if the question is chit chat.
    choose 5 if the question is about ending conversation.
    choose 6 if the question is just a continuation of previous question.
    
Customer question: Hi there, do you know how to choose flood insurance?
Classified topic:2

Customer question: Hi there, I have a question on my auto insurance.
Classified topic:1

Customer question: Hi there, do you know how to apply for financial aid?
Classified topic:3

Customer question: How is your day?
Classified topic:4

Customer question: Thanks, I got all I need.
Classified topic:5

Customer question: Can you tell me more about it?
Classified topic:6


Customer question: Customer: Could you give me further information?
Classified topic: "
